"sample","method","Si","Ti","Al","Fe","Mn","Mg","Ca","K","P","S","V","Cr","Ni","Cu","Zn","Rb","Sr","Y","Zr","Nb","Ba","Ce","Pb","Th"
"H001","WD RFA",309447,3717,69436,39301,1115,11819,7933,29636,655,92,104,97,55,14,98,153,120,32,211,18,333,73,30,15
"H002","WD RFA",297153,4137,78381,44056,1487,13267,5074,29470,655,39,111,99,57,17,109,164,106,35,236,19,394,80,31,17
"H003","WD RFA",311737,4496,82773,47552,1905,14593,7719,30051,698,32,122,111,68,19,113,170,112,37,238,19,396,91,35,18
"H004","WD RFA",294863,3597,72083,37203,767,13508,34091,24489,873,443,95,98,55,25,86,135,169,28,188,15,313,60,45,15
"H005","WD RFA",285000,4077,78592,43986,1371,14051,5860,28474,698,23,115,102,65,23,112,171,111,36,225,19,365,83,33,17
"H006","WD RFA",292526,3537,72612,35664,767,13628,25300,24323,3273,204,107,92,44,22,90,118,169,27,178,14,622,61,27,15
"H007","WD RFA",251297,4257,86107,45105,891,17850,80189,25735,1527,965,130,160,82,30,109,157,345,27,130,16,344,63,23,15
"H008","WD RFA",274436,4317,84784,45175,1224,17427,50457,27478,655,877,117,135,77,32,109,159,232,31,186,17,354,72,29,16
"H009","WD RFA",269855,4197,83144,44545,1092,17548,56532,26316,611,1040,122,137,79,33,110,157,248,30,174,17,304,65,29,16
"H010","WD RFA",246249,4317,89653,44476,1053,19176,100486,25320,698,859,149,166,94,34,107,157,392,27,129,16,370,71,18,16
"H011","WD RFA",289768,4077,87854,47343,1255,16704,14866,29636,742,76,121,109,65,26,113,171,120,35,199,18,362,73,40,17
"H012","WD RFA",235077,3957,78328,40909,844,17066,89051,24822,524,567,133,148,87,37,105,160,345,28,132,16,304,65,22,18
"H013","WD RFA",249287,3957,70865,36434,410,13025,83047,17682,1397,777,122,115,32,19,86,86,289,21,152,14,591,52,24,10
"H014","WD RFA",237414,4077,80339,43217,976,17910,94197,25237,698,1163,111,155,95,33,104,148,369,27,127,15,350,63,26,17
"H015","WD RFA",250362,4017,83514,42028,960,15558,71326,26150,786,886,127,143,81,28,109,146,272,27,143,15,493,64,26,15
"H016","WD RFA",332118,3477,82191,27063,248,10432,8219,29387,960,117,93,87,38,16,78,188,128,32,250,16,472,55,26,17
"H017","WD RFA",238489,4137,83197,43427,1193,19357,97627,23659,1091,576,125,156,91,40,104,143,411,27,124,15,396,66,22,17
"H018","WD RFA",227551,3897,78486,40769,1084,17608,104703,24240,960,1108,127,152,79,36,104,143,374,26,118,15,481,68,26,15
"H019","WD RFA",232646,3957,80127,40699,953,16824,98199,24489,873,1154,130,153,79,37,103,142,372,26,119,14,387,69,25,15
"H020","WD RFA",249614,4197,85525,44476,898,19297,85906,25984,567,1143,120,157,90,39,110,157,324,27,131,16,296,60,26,15
"H021","WD RFA",254803,4257,87536,45664,976,17548,80260,27146,960,917,130,156,93,35,107,161,320,27,131,15,377,70,29,17
"H022","WD RFA",245641,4017,83832,42378,1193,16342,84977,26565,960,954,129,138,87,39,107,149,311,28,136,16,477,72,28,17
"H023","WD RFA",254663,4137,85525,43497,1138,16402,76544,26980,873,667,122,143,85,36,108,155,296,29,147,16,400,67,29,16
"H024","WD RFA",252699,4137,85949,44056,1309,15860,82333,26897,829,539,130,137,88,36,105,156,329,29,145,16,341,67,29,16
"H025","WD RFA",306596,4317,82667,44545,1255,14654,6361,28889,655,43,117,107,58,20,112,166,113,36,239,20,367,80,33,16
"H026","WD RFA",318328,4017,76687,42238,1301,13689,7504,27063,611,55,111,101,56,21,104,154,106,33,222,19,361,75,32,14
"H028","WD RFA",312859,4317,81609,44755,1340,14352,8505,28640,611,53,117,108,59,22,110,163,118,35,233,19,371,76,33,14
"H029","WD RFA",315711,4137,81080,44336,1386,14231,5575,29221,698,31,114,105,60,17,107,163,107,35,223,19,353,71,35,17
"H030","WD RFA",321881,4197,83779,43287,1239,14955,6718,28474,829,93,118,101,54,22,107,158,112,33,224,18,353,73,31,14
"H031","WD RFA",315664,4376,85419,45385,1247,15136,7504,29387,655,98,120,108,58,22,110,164,114,35,234,19,358,70,32,16
"H033","WD RFA",318562,4137,79121,44685,1247,13749,6289,30051,655,18,117,104,57,14,108,170,109,34,223,19,338,70,43,17
"H034","WD RFA",321788,4376,84573,45804,1239,14774,7004,29636,611,50,123,110,58,21,111,165,114,34,233,19,351,77,35,18
"H035","WD RFA",322442,4017,76846,42308,1247,13508,6504,27395,611,59,110,100,55,24,103,155,107,33,223,19,348,74,32,16
"H036","WD RFA",288132,3657,71447,32378,635,13809,67824,20920,655,443,101,101,53,22,76,133,334,23,132,14,268,51,23,14
"H037","WD RFA",319310,4137,78169,44336,1657,13809,9577,27893,655,50,118,104,59,20,107,157,110,34,228,19,359,77,31,16
"H038","WD RFA",315944,4496,88171,47063,1293,15799,7004,29885,698,121,120,114,58,27,110,166,114,36,238,19,386,71,34,17
"H039","WD RFA",299023,4197,80392,44755,1526,14231,8148,28972,742,27,120,107,66,24,112,170,116,36,228,19,350,78,33,17
"H040","WD RFA",311878,4436,82667,45594,1332,14533,6504,29387,655,48,123,110,58,25,112,167,113,35,240,20,365,78,31,18
"H041","WD RFA",309634,4077,77110,42587,1379,13508,5932,27727,567,40,113,106,57,18,105,155,104,32,221,18,332,66,31,15
"H042","WD RFA",323517,4017,75417,43217,1448,13206,8648,27561,611,61,112,102,56,24,102,154,109,33,223,18,368,79,31,16
"H043","WD RFA",314776,4376,84308,47273,1456,14955,6575,30384,698,29,129,110,64,27,113,173,110,36,226,19,354,78,53,17
"H044","WD RFA",323611,4077,74464,41888,1138,13146,7933,27229,567,74,108,103,55,23,102,153,108,32,220,18,321,68,30,15
"H045","WD RFA",211892,2698,47896,25455,651,17247,166166,12452,1615,959,52,67,27,18,59,127,301,25,189,12,392,43,6,13
"H046","WD RFA",312906,4257,79069,45035,1402,13990,17010,28723,698,138,118,110,61,25,110,160,132,35,224,19,357,73,33,16
"H047","WD RFA",249240,4257,85578,35944,542,15136,80117,23244,916,1826,116,110,56,24,95,141,631,26,154,15,515,59,27,14
"H048","WD RFA",314262,4317,82773,45664,1425,15136,17581,29470,655,177,121,115,65,25,110,164,142,34,219,19,346,76,32,17
"H049","WD RFA",290329,4077,83673,44755,2440,15015,20798,25071,1702,254,127,114,68,25,105,143,160,30,199,17,385,68,32,14
"H050","WD RFA",326883,4017,76369,41329,1131,13206,16295,27561,611,172,114,105,55,21,100,154,133,32,210,18,337,65,29,17
"H051","WD RFA",301314,3837,77851,40350,1402,12241,18868,25237,567,307,93,97,54,28,100,142,137,26,192,15,462,58,29,14
"H052","WD RFA",301127,3837,78433,42028,2548,12905,16152,23576,1440,122,109,103,62,28,99,134,134,29,194,16,380,54,30,15
"H053","WD RFA",300285,3717,78698,40280,3307,12905,16867,23742,786,148,103,98,63,27,104,142,136,27,189,16,469,68,29,15
"H054","WD RFA",304258,4317,84043,44965,1766,14292,9434,26067,611,81,117,103,56,25,110,147,117,29,224,18,475,69,34,17
"H055","WD RFA",249194,3897,78063,40769,1084,16583,80760,25320,1397,1335,124,136,76,34,100,141,296,28,143,15,448,55,27,16
"H056","WD RFA",334736,8153,86637,49371,472,2593,4931,12784,524,28,162,227,112,20,87,106,70,27,301,33,214,62,65,15
"H057","WD RFA",240639,2338,45409,21329,589,10432,120712,15524,1615,463,43,53,23,15,52,78,276,21,171,10,381,43,14,9
"H058","WD RFA",348432,3357,61127,28811,209,9468,16009,21003,480,63,71,84,27,10,60,110,111,28,244,15,392,58,26,12
"H059","WD RFA",242462,2878,59063,31538,589,15136,98270,17765,916,259,80,100,54,22,63,96,291,24,142,11,357,45,22,17
"H060","WD RFA",261674,2638,57634,23986,589,11940,69111,18429,1222,251,80,87,41,21,62,98,218,18,115,9,227,38,18,11
"H061","WD RFA",317113,2758,54406,36503,349,9468,43310,18595,786,152,70,81,31,10,49,89,150,23,191,12,393,49,24,13
"H062","WD RFA",337914,5456,81662,43636,318,6271,9648,13781,480,48,108,107,32,15,64,103,90,38,313,18,379,66,32,17
"H064","WD RFA",287524,4077,72135,41259,527,11638,48385,17516,698,301,98,109,46,19,71,100,185,28,217,16,521,61,25,14
"H066","WD RFA",346655,3897,61233,32028,194,6995,14079,16686,349,57,80,89,30,10,59,100,96,29,283,16,291,57,30,15
"H068","WD RFA",315103,4496,72135,41678,418,9709,30303,18097,655,169,93,104,42,17,66,112,146,32,260,17,368,61,28,16
"H069","WD RFA",310382,4496,73194,43287,511,9045,32662,16437,698,231,95,110,41,18,66,101,178,31,251,17,366,54,27,14
"H070","WD RFA",241855,3477,66684,37133,589,14292,88408,18429,698,247,100,114,58,32,79,106,261,23,151,13,386,48,23,14
"H071","WD RFA",315664,3657,65732,33986,418,11819,29946,22331,786,120,78,88,32,9,68,121,133,30,241,16,465,60,28,16
"H073","WD RFA",247978,3597,70759,38741,627,13809,88265,20256,873,332,107,117,63,22,80,116,284,25,155,14,472,58,22,14
"H074","WD RFA",334736,4496,80974,35315,891,8744,6146,25652,1004,104,92,114,50,20,127,145,110,36,327,17,499,74,27,15
"H075","WD RFA",316038,3657,89600,23566,310,11035,13293,29387,1440,249,105,96,47,28,89,182,152,34,266,17,760,55,26,18
"H076","WD RFA",231618,3837,75628,39301,1348,17910,132790,21418,1222,1273,122,143,89,198,148,127,440,28,118,14,378,51,25,19
"H077","WD RFA",291217,2818,78698,42657,2246,7478,15795,17267,2313,103,91,85,44,14,66,133,185,33,216,25,1180,62,21,21
"H078","WD RFA",320525,2458,66367,25664,465,5729,13365,18595,1877,180,57,70,24,12,49,109,165,23,241,19,1011,50,19,18
"H079","WD RFA",304586,2818,75364,35874,635,6573,6790,22746,2662,123,81,81,36,91,68,108,96,25,198,18,400,58,25,17
"H080","WD RFA",202590,2278,48584,22937,558,15196,136792,17018,1047,480,57,63,29,13,54,86,210,22,139,9,290,37,21,15
"H081","WD RFA",224139,3357,67214,33566,728,17186,106275,21252,1833,1003,104,136,69,25,83,104,300,24,115,10,484,37,21,16
"H082","WD RFA",318375,4556,88224,49860,1681,15739,5289,31297,742,17,132,115,68,19,114,170,109,40,232,21,377,79,33,21
"H083","WD RFA",313374,4676,90183,25804,302,10854,24514,23576,480,107,118,121,56,26,86,142,177,30,181,16,326,58,31,21
"H084","WD RFA",307297,4077,87166,45385,945,18031,13150,28723,655,95,115,110,56,18,103,159,116,35,188,16,375,63,32,21
"H085","WD RFA",309307,5156,82456,28182,573,11096,17581,27976,393,38,113,113,54,20,92,157,153,35,228,19,339,73,32,21
"H086","WD RFA",291123,3837,83197,42517,898,16885,16366,27312,873,154,109,102,52,18,98,136,114,31,176,15,406,50,29,18
"H087","WD RFA",280886,4317,90818,48601,1015,19779,19940,31961,829,139,131,114,62,21,111,162,125,37,198,17,406,65,33,21
"H088","WD RFA",335998,4317,89177,26573,132,6271,4288,28972,218,64,104,98,26,24,66,289,96,36,216,16,121,15,25,19
"H089","WD RFA",317534,3897,96110,27343,186,12362,8219,30467,524,97,109,112,47,17,87,214,131,36,244,19,567,56,29,21
"H090","WD RFA",331323,3417,77851,26434,232,9709,6218,28640,786,83,95,89,37,17,80,193,117,34,247,16,515,49,27,20
"H091","WD RFA",234329,3597,70495,35944,860,18031,107419,20505,1615,207,94,166,92,41,96,133,420,28,132,13,635,45,19,19
"H092","WD RFA",312158,4976,81344,27273,480,22312,35091,25984,786,142,108,128,64,27,110,145,169,32,223,18,378,63,32,20
"H093","WD RFA",250362,3537,69383,37972,635,14111,84477,19093,742,360,100,119,59,24,76,106,260,27,154,14,554,44,24,16
"H094","WD RFA",283457,2758,52712,30000,550,9347,64608,14030,1091,285,71,72,28,13,45,77,189,25,196,11,420,42,24,14
"H095","WD RFA",339176,9652,91294,24266,132,2593,7433,9547,480,98,140,217,54,20,40,78,100,30,358,41,226,73,27,19
"H096","WD RFA",294349,3717,80021,36783,1038,13809,18153,22995,1789,141,111,95,53,40,104,137,148,30,179,18,720,59,30,18
"H097","WD RFA",303510,3717,87642,26573,256,11759,13150,25984,1877,112,108,103,47,22,87,171,151,34,257,17,866,57,27,19
"H098","WD RFA",328051,4077,81662,25385,581,10613,20440,23493,698,148,98,98,47,22,83,135,156,28,168,16,439,56,30,17
"H099","WD RFA",286823,4017,78857,38881,1146,14714,45169,23908,1877,203,122,114,57,30,115,136,236,31,170,15,883,65,29,20
"H100","WD RFA",266536,3417,68854,32238,774,10674,71970,18429,1920,614,109,91,43,31,95,112,513,26,147,12,791,47,27,16
"H101","WD RFA",283878,3777,83461,34196,472,14533,50386,22746,873,334,107,121,58,29,95,143,211,30,135,14,420,54,30,18
"H102","WD RFA",225307,3537,67902,35175,968,16644,120354,19758,698,1750,104,117,73,39,84,109,344,25,113,12,413,45,20,17
"H103","WD RFA",328799,3597,72929,38042,1123,12784,16224,27312,742,132,96,94,51,18,86,142,126,32,188,16,356,55,30,17
"H104","WD RFA",297948,4317,86954,45175,1022,16282,19511,28806,698,103,123,111,53,22,104,160,114,37,230,17,388,56,33,21
"H105","WD RFA",302950,3537,75734,37413,844,13146,22013,24822,2444,115,105,90,44,19,82,121,136,30,186,14,621,52,28,18
"H106","WD RFA",293554,4556,95157,51888,1371,17910,8148,30882,698,68,132,117,70,29,117,173,117,39,214,19,376,78,35,22
"H107","WD RFA",300051,3657,77269,39371,1162,12664,18511,24572,1833,219,103,97,50,17,92,137,153,32,195,15,441,65,29,17
"H108","WD RFA",284953,2998,60598,34406,503,12241,73756,19758,873,214,79,95,46,18,63,104,228,26,165,12,369,42,24,16
"H109","WD RFA",296031,4556,91082,47832,1239,17367,24085,31048,873,177,133,122,66,23,113,169,149,37,216,19,376,81,33,21
"H110","WD RFA",288599,4496,91506,47413,1162,17005,21584,30051,698,215,124,122,65,27,107,168,150,38,210,18,378,77,34,21
"H111","WD RFA",288973,4676,96322,53776,1293,17789,7790,31961,742,95,135,124,69,20,120,179,116,40,214,20,412,81,36,21
"H112","WD RFA",233815,4017,76952,40699,1007,18453,115066,12286,1353,467,126,148,88,27,72,158,431,29,133,14,402,48,11,18
"H113","WD RFA",300659,3477,69331,35245,929,13146,44525,24489,873,283,93,102,52,23,82,131,188,29,170,14,352,58,28,17
"H114","WD RFA",328519,9832,134321,5664,124,2412,3359,13781,393,51,103,188,50,20,36,108,105,39,292,31,277,97,33,25
"H124","WD RFA",307016,11031,118656,19580,379,2231,9934,13448,1615,78,146,307,74,40,77,76,111,26,321,50,590,110,26,20
"H125","WD RFA",291030,7374,131358,22448,186,7478,8433,21501,524,95,213,177,39,35,58,164,145,29,199,27,297,76,39,22
"H126","WD RFA",289581,8453,144324,21049,178,6935,5217,18512,524,67,207,203,42,28,82,170,144,29,221,33,284,76,42,25
"H127","WD RFA",305474,12110,120561,28252,658,3558,8362,15026,611,143,159,216,66,21,56,100,250,32,289,57,470,103,25,21
"H128","WD RFA",315384,3837,93993,23217,108,8925,6861,17682,698,97,103,102,53,24,85,119,127,26,116,14,358,57,29,18
"H130","WD RFA",265274,3717,76846,36503,914,15437,72327,24572,1746,641,109,127,66,23,105,137,267,30,158,14,496,61,28,19
"H131","WD RFA",274062,2878,68695,38322,829,10674,36449,20920,2138,243,112,96,47,18,79,116,207,26,172,16,871,56,24,15
"H132","WD RFA",292993,3957,84255,38252,372,8744,34162,22663,1178,115,111,106,49,25,77,157,183,31,168,14,612,59,31,19
"H133","WD RFA",321928,3597,81979,28671,937,7719,10577,25237,611,52,99,85,49,31,76,166,99,39,192,14,441,62,30,20
"H134","WD RFA",230356,3837,74570,39021,1015,18573,127358,23244,1222,717,119,160,93,26,98,125,436,29,131,13,412,54,24,18
"H135","WD RFA",249100,3717,73564,37273,937,16824,109491,23991,1004,1579,111,131,76,32,92,123,358,28,134,13,587,51,24,17
"H136","WD RFA",239751,3597,73088,36573,960,18031,110635,22829,1004,1538,108,135,76,30,92,125,384,29,134,13,367,56,23,18
"H137","WD RFA",245688,4137,85102,37133,860,17488,100629,27146,1222,565,137,157,87,37,108,155,364,30,126,14,488,51,26,20
"H138","WD RFA",179685,3237,60545,35245,2145,23518,165237,16603,1397,615,87,83,43,16,72,92,360,28,146,12,398,51,25,16
"H139","WD RFA",335063,6415,117968,22657,85,3075,3502,10128,349,49,93,85,20,12,39,64,72,21,374,19,252,37,23,19
"H140","WD RFA",323330,5995,111829,38462,139,3980,4860,17931,305,79,89,83,29,12,48,106,105,26,239,15,533,50,28,21
"H141","WD RFA",285654,3897,71659,32657,635,9890,59605,22829,742,409,103,107,49,25,72,155,217,39,192,14,477,62,27,19
"H142","WD RFA",317253,4077,78751,38881,465,10191,36378,25237,742,125,106,112,59,26,83,152,175,37,175,15,369,65,27,17
"H143","WD RFA",317066,3957,86954,37483,1115,9166,11578,24988,1047,50,131,106,58,26,86,158,128,39,182,14,494,69,29,20
"H144","WD RFA",251484,4197,75470,37762,542,12664,80046,16105,2008,976,138,120,35,30,96,95,361,24,145,14,686,47,27,15
"H001","pXRF",318985.78,3961.36,92085.04,42610.73,1886.51,19977.33,6841.46,27912.14,382.11,67.99,98.48,142.62,40.64,15.12,103.01,151.29,108.83,26.22,210.9,19.04,472.23,0,26.77,11.09
"H002","pXRF",297305.84,4574.78,86328.09,41432.82,859.15,12853.63,4201.02,29247.36,427.55,0,110.31,140.45,0,21.99,94.86,159.85,102.3,28.26,234.81,20.69,433.48,0,26.56,8.75
"H003","pXRF",265629.94,4073.31,84218.31,45643.74,410.62,17444.55,5011.14,27482.17,333.08,0,96.95,146.75,0,14.31,99.2,162.82,108.35,29.5,215.13,19.42,397.6,0,26.2,9.75
"H004","pXRF",297002.16,3565.67,91370.21,35947.37,419.23,17903.03,34002.2,24346.96,862.9,189.93,98.64,134.16,47.03,13.76,71.57,128.94,174.73,21.31,184.12,15.54,514.92,0,18.17,7.12
"H005","pXRF",309362,3983.22,89565.34,38518.88,1027.81,17659.68,11075.16,27638.97,735.91,320.28,90.12,128.21,50.93,17.01,95.38,158.38,103.76,27.99,226.77,18.64,454.95,0,29.33,10.15
"H006","pXRF",260924.86,3183.83,71227.5,34536.23,786.38,15248.88,21279.25,22639.97,2796.74,134.16,88.27,116.01,29.76,17.04,73.74,107.35,163.48,20.49,168.26,12.25,961.12,0,19.52,8.75
"H007","pXRF",240994.36,3850.43,87550.93,34819.63,616.26,20176.1,78506.59,25098.96,747.46,695.11,125.02,199.97,32.99,20.15,85.43,138.28,313.37,19.38,116.93,15.93,131.81,0,15.71,9.28
"H008","pXRF",287924.44,4248.26,105093.93,43010.57,856.46,25676,50199.38,26185.2,665.15,1085.91,133.63,177.06,47.41,18.71,101.01,150.53,235.97,26.45,194.82,18.72,455.52,0,22.36,10.87
"H009","pXRF",280148.28,4099.04,96918.47,44488.34,860.87,17354.94,50754.57,26180.66,659.28,530.26,126.6,192.91,60.8,22.51,92.63,148.4,247.74,24.34,178.25,18.64,520.82,0,21.39,12.03
"H010","pXRF",241433.97,3880.46,91109.31,39025.79,816.77,17960.23,100473.04,23294.06,735.91,931.2,135.89,192.35,44.05,20.77,91.15,143.61,383.96,21.46,118.43,16.16,342.22,0,17.25,10.66
"H011","pXRF",272709.53,4425.01,99166.95,47597.93,475.28,20221.69,6848.28,29924.14,524.83,73.16,104.65,188.15,0,24.85,109.31,167.87,126.78,27.16,189.05,18.09,340.5,0,25.38,8.69
"H012","pXRF",249338.25,3607.3,88610.07,42605.06,1678.36,18986.54,87656.09,24484.81,673.41,473.44,110.63,190.95,68.26,22.99,111.38,159.17,361.64,20.66,132.04,18.09,410.53,0,20.24,9.71
"H013","pXRF",230591.73,3754.19,68472.13,35668.03,398.79,8510.61,77354.66,18014.4,1184.48,463.73,120.93,165.97,0,0,78.97,83.98,291.81,16.84,151.94,14.76,709.29,0,16.9,5.18
"H014","pXRF",257594.7,4481.32,93881.97,47986.11,1050.05,23699.08,98084.98,28411.57,688.84,862.68,123.05,214.2,58.9,27.72,106.05,160.7,398.18,25.24,136.32,20.2,86.46,0,22.04,11.36
"H015","pXRF",261653.31,3652.76,95424.59,45234.52,832.77,22327.86,63549.66,25453.47,661.88,580.93,108.85,179.14,73.43,30.42,111.23,149.9,280.42,21.44,145.26,17.25,637.34,0,26.49,8.94
"H016","pXRF",272719.44,3324.61,75742.83,26841.84,218.8,9015.68,7011.11,26541.2,615.62,52.24,90.27,109.97,0,0,68.78,182.28,123.69,25.21,251.38,17.05,762.51,0,20.08,11.18
"H017","pXRF",258922.14,3851.69,104877.67,39644.11,1070.92,25291.88,113799.13,24163.85,1045.41,834.12,110.36,218.05,110.08,32.93,100.97,133.82,417.38,20.09,117.02,17.55,605.88,0,14.64,9.24
"H018","pXRF",222971.8,3638.47,73216.55,36854.9,825.37,21918.77,98529.54,24094.48,1017.59,972.59,116.19,170.96,33.7,35.72,99.47,134.83,349.6,19.08,119.82,15.26,567.03,0,25.1,7.36
"H019","pXRF",244158.17,3983.25,83569.41,38244.48,802.45,14957.55,90007.48,24282.72,859,839.04,140.12,185.79,57.75,29.83,93.22,131.65,341.67,19.2,110.3,15.91,495.47,0,26.73,8.75
"H020","pXRF",267986.56,3871.11,105322.86,40023.18,669.24,24684.09,79867.74,25381.26,541.35,716.21,124.12,199.17,114.39,23.92,86.37,144.26,314.94,18.74,124.16,15.99,353.93,0,18.97,8.78
"H021","pXRF",288825.41,4579.71,97998.32,43665.82,981.23,20462.13,53240.39,28023.48,811.8,488.95,115.95,177.16,67.81,26.04,94.89,158.94,262.04,26.37,200.16,19.88,413.95,0,31,9.9
"H022","pXRF",250421.67,3663.73,90312.47,34699.65,643.38,32654.01,72929.55,24612.5,1099.42,659.2,124.28,163.39,51.87,23.6,95.3,125.83,244.61,18.03,116.16,14.23,675.91,0,17.52,9.56
"H023","pXRF",289104.25,4169.19,112413.93,41176.64,649.76,28048.95,74363.27,28268.96,837.53,586.61,137.03,173.64,79.55,30.17,103.95,154.1,298.95,21.66,149.29,17.55,522.8,0,21.87,10.2
"H024","pXRF",274028.69,4179.92,104400.89,42390.66,787.54,20629.58,80189.45,27255.89,788.02,405.99,124.4,181.46,72.92,27.66,95.89,156.77,315.67,23.43,151.53,19.73,372.83,0,29.04,9.44
"H025","pXRF",305003.91,4509.56,92640.52,47645.83,668.33,16820.73,6375.68,28514.59,583.73,102.77,105.94,135.03,43,42.37,120.42,167.97,118.61,32.07,247.16,21.72,361.37,0,43.64,10.38
"H026","pXRF",277587.88,4315.68,88662.46,44706.9,503.63,18192.86,5997.09,27517.92,504.62,165.07,119.95,126.58,29.44,21.33,97.88,162.88,112.69,29.5,226.01,20.26,327.04,0,25.58,9.93
"H028","pXRF",335949.75,4489.52,114025.18,41502.85,1327.71,23336.83,9295.95,28024.4,933.37,79.59,117.75,117.38,54.37,22.83,102.7,161.25,115.42,28.28,237.81,19.12,600.49,0,27.06,11.08
"H029","pXRF",299781.91,4082.2,82620.77,45412.53,1003.07,13312.27,5385.58,27109.29,479.04,63.15,110.58,126.85,43.18,30.04,99.85,160.8,105.02,26.94,218.14,19.32,488.24,0,30.51,11.18
"H030","pXRF",290519.13,4533.02,100593.28,44809.15,677.88,19595.67,7216.1,28234.72,843.86,115.14,116.15,151.52,42.91,16.27,97.7,154.3,109.31,27.84,228.47,18.73,466.35,0,24.74,10.23
"H031","pXRF",301079.91,4565.77,98168.05,42612.99,3011.65,18474.26,6104.74,28548.88,504.07,96.36,116.56,128.12,67.26,31.24,106.82,162.03,112.82,27.83,245.29,21.1,478.07,0,26.23,10.77
"H033","pXRF",277167.09,3960.41,78663.91,43454.51,750.47,13278.89,6225.51,27295.5,710.25,86.81,84.5,140.51,0,12.89,103.04,152.99,99.87,27.6,211.19,17.22,452.32,0,22.71,10.88
"H034","pXRF",305257.69,4707.53,105848.56,50086.2,1435.06,22043.83,6206.38,29651.6,589.69,123.03,127.1,142.92,48.48,19.97,103.81,161.61,112.12,30.56,246.63,21.25,465,0,29.24,10.33
"H035","pXRF",271688.88,3962.2,78994.06,41762.75,749.26,15992.81,5870.98,25819.31,502.76,34,90.03,101.84,0,11.79,91.06,150.08,102.34,24.84,222.37,19.16,332.04,0,24,8.41
"H036","pXRF",288972.31,3495.38,96597.16,29527.76,511.26,25680.99,69491.23,20090.92,617.73,394.68,101.15,98.64,68.75,18.23,66.22,125.35,340.62,17.06,127.6,14.31,530.32,79.63,19.93,8.91
"H037","pXRF",242652.08,3387.78,60143.82,35674.76,1220.89,11927.39,58779.42,19008.95,598.93,501.6,76,88.28,0,21.64,78.35,131.19,112.44,23.11,201.33,15.51,492.18,0,24.59,8.95
"H038","pXRF",295219.88,4461.7,99269.64,48312.43,3011.32,19017.3,6057.8,28959.08,712.08,149.18,116.57,157.56,65.67,23.58,103.25,163.17,112.81,30.03,243.19,20.01,519,0,32.99,9.6
"H039","pXRF",317076.47,4124.27,89809.01,44810.21,1087.06,17449.26,10494.39,27497.68,1068.24,102.9,115.64,137.41,0,17.46,103.07,162.95,109.78,29.45,237.5,19.96,440.79,0,30.25,9.88
"H040","pXRF",280914.09,4679.47,94657.07,46936.45,551.9,19835.63,8985.45,29830.9,630.56,64.42,113.47,135.07,34.84,18.48,116.22,177.28,120.17,29.4,255.1,22.1,357.64,0,28.29,9.43
"H041","pXRF",308362.16,4364.22,94149.78,42877.37,572.81,19508.99,6231.52,27338.62,513.22,101.52,116.69,137.74,76.56,18.52,102.67,156.33,108.83,28.38,227.65,20.08,531.62,0,47.95,10.65
"H042","pXRF",318334.22,3983.44,90841.58,35087.87,367.4,19165.13,6015.69,25885.29,449.58,0,108.12,127.41,35.98,17.28,84.82,142.22,99.27,24.27,203.06,18.02,413.73,0,23.46,8.42
"H043","pXRF",301902.72,4459.92,96543.78,47666.37,1114.62,20442.81,5512.38,27922.67,575.32,0,124.82,137.6,37.78,0,103.18,163.53,104.47,29.42,224.94,19.94,534.51,0,34.61,9.22
"H044","pXRF",269755.25,4390.56,79909.52,40430.18,480.63,10461.76,5571.08,26620.7,447.16,0,115.14,132.63,0,0,94.72,154.87,116.96,27.26,214.88,19.25,429.13,0,23.95,8.81
"H045","pXRF",230458.56,2557.88,62011.18,22891.15,663.57,25168.13,148163.61,11546.29,1841.13,276.16,52.2,84.47,44.03,0,55.95,126.09,285.69,17.24,180.78,10.75,595.6,0,3.6,5.64
"H046","pXRF",293263.06,4258.44,90598.01,46342.09,1449.59,20861.85,13403.78,29027.8,579.54,66.22,119.02,145.24,53.44,24.21,104.89,162.84,130.83,27.67,229.66,18.86,826.69,0,35.53,10.93
"H047","pXRF",250533.41,4165.93,97094.05,32974.38,451.06,16180.07,77735.34,22669.98,867.83,1429.87,115.63,154.41,0,12.56,84.36,133.53,633.05,18.16,150.42,15,641.76,0,21.71,7.32
"H048","pXRF",290140.47,4267.54,96738.55,39798.21,1377.19,22781.51,51218.59,25611.2,731.92,397.92,107,128.09,38.27,13.5,97.62,155.83,148.88,25.82,209.17,20.05,365.14,0,24.77,10.01
"H049","pXRF",252775.61,3866.92,76117.46,40764.27,2397.38,15348.37,18831.88,22860.95,1381.8,170.88,131.05,129.44,49.14,0,98.88,135.75,161.64,25.12,204.26,19.61,449.87,0,23.05,11.01
"H050","pXRF",294031.25,3939.32,85088.68,38370.22,581.17,12826.49,17955.1,26951.62,689.35,151.81,93.31,124.41,0,20.65,88.28,151.14,127.74,24.87,195.01,15.95,445.55,0,24.69,9.18
"H051","pXRF",258090.08,3492.98,66863.06,36076.69,1158.4,8875.45,20550.57,22876.51,543.59,111.74,99.07,109.18,0,20.83,81.46,132.91,132.42,23.41,188.67,15.71,676.02,0,23.06,6.88
"H052","pXRF",282152.28,3990.92,88680.46,40118.55,1741.83,14043.46,16322.47,23163.88,1291.16,85.75,125.12,148.33,42.06,13.26,89.42,132.16,173.68,22.6,189.53,17.12,534.81,0,22.5,10.56
"H053","pXRF",282588.72,3787.51,78449.23,36189.88,1015.54,13096.92,15286.91,22928.38,619.2,127.91,104.94,141.74,33.19,11.97,82.24,128.73,134.39,21.69,185.04,15.85,531.13,0,24.58,9.47
"H054","pXRF",288764.47,4191.86,86989.83,40453.34,940.98,14312.38,7619.05,23615.08,488.94,0,125.98,159.3,35.78,15.24,92.77,140.24,113.6,25.04,260.41,18.05,744.65,0,26.09,9.56
"H055","pXRF",235551.92,3615.97,78752,40187.75,947.36,22848.92,66906.07,23365.74,1820.27,814.49,126.02,147.61,52.28,24.42,92.12,125.56,276.08,20.87,151.73,14.36,677.28,0,21.68,6.88
"H056","pXRF",310912.38,8532.93,103949.22,43070,268.64,4173.03,4181.47,11644.66,527.69,161.09,158.6,190.41,79.85,29.94,88.36,108.07,67.36,26.32,305.62,34.7,311.57,0,36.45,10.02
"H057","pXRF",190548.42,1905.71,32359.88,16996.61,395.91,6988.72,108015.54,12831,1390.58,166.44,40.39,81.73,0,0,35.05,63.96,240.4,13.71,143.41,7.46,426.71,0,11.35,4.4
"H058","pXRF",286504.31,3406.42,64374.25,28662.24,178.11,8998.89,19331.91,18859.46,534.88,51.18,73.51,96.02,0,13.53,46.31,102.23,112.12,23.65,222.29,14.17,500.21,0,18.79,8.51
"H059","pXRF",254736.22,3125.55,69252.04,31164.47,550.25,22335.24,76179.56,17356.71,957.73,196.29,88.73,109.35,39.96,14.23,59.1,83.45,257.63,16.75,141.21,11.64,468.22,0,11.24,7.55
"H060","pXRF",183584.17,2769.83,46747.18,27530.47,546.62,8327.18,84086.74,17673.52,1049.39,117.64,100.86,130.99,0,24.2,69.66,91.63,267.85,15.21,92.6,12.02,249,0,10.47,5.75
"H061","pXRF",275248.84,2964.42,64769.96,37505.68,343.63,14223.77,52948.74,18357.06,837.64,139.8,77.97,114.61,0,0,42.77,90.42,147.06,18.04,191.95,12.71,435.64,0,15.81,5.01
"H062","pXRF",291322.41,6082.23,81494.05,40681.5,464.04,6087.47,7816.62,11991.69,426.79,112.66,119.14,119.91,26.74,18.81,57.88,93.48,79.44,29.65,309.9,18.58,478.83,0,24.82,7.59
"H064","pXRF",257404.8,4133.93,66831.41,43376.93,522.51,12031.58,44454.81,17221.33,549.23,166.58,109.56,142.05,0,18.05,69.06,106.82,190.21,23.86,212.69,19.15,445.99,0,22.45,8.76
"H066","pXRF",309579.88,3808.2,64491.62,30729.58,184.4,5802.15,17727.55,16025.89,421.24,180.68,70.71,93.63,0,0,76.42,100.34,98.43,24.5,281.65,15.06,404.25,0,23.66,8.45
"H068","pXRF",267813.66,3979.22,76325.24,38277.52,380.4,13511.15,30781.85,15397.64,704.6,111.87,96.84,92.46,42.55,0,62.01,104.2,153.41,25.7,239.91,17.12,705.67,0,21.07,10.83
"H069","pXRF",237959.08,4279.01,64147.58,38784.26,412.71,8467.57,49674.81,14526.8,615.99,234.38,113.04,180.15,0,0,57.17,96.27,200.12,22.46,219.88,15.86,571.7,0,19.74,7.55
"H070","pXRF",231040.31,3098.29,62122.58,33917.08,927.77,14454.97,78269.91,17260.64,944.93,153.75,89.81,164.93,43.19,21.52,65.17,96.54,253.48,18.43,131.95,12.84,634.57,0,15.03,5.17
"H071","pXRF",271676.53,3633.99,70691.61,34562.6,365.01,15184.82,33920.79,19601.57,842.36,41.9,91.76,91.57,0,0,61.54,111.44,129.64,23.8,253.5,14.47,677.02,0,20.63,8.05
"H073","pXRF",254887.89,3617.94,75393.15,37228.13,953.9,12397.47,85314.13,20030.96,807.23,219.92,101.11,169.72,43.82,0,75.31,110.41,274.47,19.02,152.41,14.98,566.31,0,19.04,7.38
"H074","pXRF",268582.94,4222.64,73622.5,29842.55,677.06,11016.51,6693.68,20994.61,994.92,0,78.19,111.15,42.56,0,96.97,123.76,95.11,27.07,301.09,14.94,839.28,0,18.03,7.56
"H075","pXRF",281813.09,3421.96,92066.78,22698.12,201.75,12422.12,13578.83,26527.82,1146.52,82.04,107.43,115.08,0,15.3,79.6,178.07,154.94,26.42,251.3,18.39,1174.19,0,20.57,17.01
"H076","pXRF",239787.86,3608.49,84152.11,35028.25,1069.58,23746.13,125638.6,22011.36,891.77,728.78,119.4,189.77,74.13,24.68,102.56,116.41,466.16,17.91,109.28,14.29,325.01,0,14.75,7.34
"H077","pXRF",284520.34,2918.83,86912.67,36816.05,853.82,10898.44,15102.2,15847.36,2234.09,28.04,94.15,126.2,58.42,0,52.53,129.81,187.87,21.89,217.26,24.4,1840.1,0,12.71,9.66
"H078","pXRF",246546.52,2035.3,55435.93,23547.16,870.88,6345.31,13257.63,14261.03,1605.87,38.75,47.51,66.7,0,0,42.31,104.19,138.96,14.02,213.53,16.32,1311.63,0,10.09,8.34
"H079","pXRF",249205.69,2881.38,67968.84,38607.8,2264.22,9068.98,5100.67,22143.76,1422.02,0,98.39,120.56,35.72,460.79,138.27,103.78,70.54,18.66,178.71,19.2,603.39,0,14.44,7.55
"H080","pXRF",191381.63,2346.19,55030.16,21763.47,750.57,12055.81,114933.06,18440.99,1445.35,205.54,65.11,86.42,0,0,48.56,80.54,204.26,13.31,150.63,8.84,329.92,0,11.18,3.49
"H081","pXRF",232786.08,3159.89,71810.39,29345.39,665.9,16882.7,100670.41,21003.91,1712.7,867.4,100.6,171.27,36.68,18,71.59,98.09,302.57,16.08,110.6,11.37,508.57,0,12.73,7.57
"H082","pXRF",320449.16,4541.74,114734.28,42959.11,1099.47,23365.18,4391.68,30292.12,605.67,0,118.56,136.06,59.75,26.58,106.07,176.51,110.58,27.99,233.51,20.46,451.2,0,26.26,10.06
"H083","pXRF",309217.59,4982.34,100145.57,24818.34,238.25,12416.16,24628.07,22274.66,547.09,98.27,114.64,99.36,35.98,21.74,81.89,141.45,177.99,23.09,192.08,17.67,455.91,0,24.18,12.36
"H084","pXRF",296492.69,4321.31,111814.16,46740.18,710.58,26233.17,15428.96,29476.23,962.21,222.45,111.31,139.49,62.34,21.67,107.25,168.69,120.46,27.71,229.63,19.21,411.29,0,24.62,11.61
"H085","pXRF",289065.94,5491.28,102241.55,32006.81,292.46,20209.21,17332.97,25518.04,437.97,48.2,113.34,94.98,29.01,11.99,99.24,161.53,164.17,29.06,228.53,21.86,315.59,0,26.95,13.47
"H086","pXRF",283164.19,3972.1,92302.36,45422.4,716.35,19382.96,15610.01,27292.48,1419.95,151.34,137.78,161.07,34.39,18.61,103.7,139.02,116.87,25.28,190.25,15.67,515.94,0,22.41,8.68
"H087","pXRF",276943.56,4394.14,99500.67,45855.87,853.37,22905.28,19826.75,30860.51,1369.87,207.34,142.94,162.98,24.72,13.28,108.08,136.97,125.67,25.92,190.74,17.64,406.44,0,21.45,10.8
"H088","pXRF",324212.75,4676.82,110494.11,25335.3,149.87,10601.26,10536.43,31099.8,695.33,252.67,101.28,90.66,0,14.3,60.06,283.52,98.12,24.36,226.66,18.76,319.72,0,19.52,10.54
"H089","pXRF",258597.61,4012.32,81155.86,28057.77,205.66,9407.29,17697.98,27726.91,1204.32,385.89,94.28,105.24,0,13.22,99.43,217.7,137.09,26.11,249.89,20.79,526.39,0,30.74,15.58
"H090","pXRF",277385.78,3242.19,79606.07,28109.74,224.19,14032.05,6406.58,26071.03,848.01,50.08,91.66,124.15,27.59,15.45,86.23,204.29,130.67,25.94,253.44,17.48,828.37,0,26.66,11.9
"H091","pXRF",250838.8,3630.55,85075.09,34523.18,762.82,31432.83,111499.38,18755.38,1587.38,48.46,99.87,197.92,88.21,44.04,90.13,126.57,445.04,19.59,126.76,14.17,851.01,0,12.4,7.69
"H092","pXRF",303391.5,4830.28,107574.54,26839.35,492.78,34095.33,43941.5,24375.96,1237.77,175.58,126.65,129.28,41.43,27.88,102.41,140.79,173.26,23.76,231.45,19.58,300.72,0,29.33,12.97
"H093","pXRF",262728.91,3289.51,75821.31,34190.17,550.3,20494.48,77491.31,18509.11,701.45,402.98,93.8,169.12,42.19,40.11,66.32,99.19,253.24,18.82,147.07,13.39,907.31,0,15.6,7.38
"H094","pXRF",242457.77,2998.46,55958.93,33571.53,655.4,11176.29,77964.91,13305.29,1570.04,259.07,79.43,98.58,0,0,49.82,78.16,221.1,18.84,177.36,12.41,550.13,0,20.71,5.91
"H095","pXRF",340597.69,10667.25,109177.17,21939.77,85.79,6803.11,5025.47,10300.34,527.14,63.44,134.46,155.81,0,16.67,33.5,79.58,103.06,27.83,383.49,48.04,181.86,0,20.71,13.14
"H096","pXRF",226955.41,3168.91,62879.31,38088.67,1027.48,13131.54,14335.84,18309.6,1606.74,96.24,100.93,107.13,44.88,39.64,96.8,129.47,156.84,21.63,175.19,18.89,1207.12,0,34.62,7.76
"H097","pXRF",289779.34,3611.31,84247.95,25322.37,184.67,11431.34,11121.99,24390.63,1662.43,0,100.95,130.33,0,0,81.83,164.09,152.64,24.19,265.07,18.89,1202.81,0,19.52,11.37
"H098","pXRF",239831.31,4079.53,65355.37,26817.94,824.77,10431.28,38651.94,18047.51,1686.8,163.2,95.58,102.96,0,20.64,83.9,119.41,145.46,16.91,158.63,15.93,339.1,0,29.38,9.97
"H099","pXRF",293731.91,3809.02,86155.36,33591.89,463.64,15074.86,40896.48,23186.56,1309.59,38.02,137.58,118.31,31.71,13.84,88.42,137.47,226.97,19.56,162.26,17.62,1168.56,0,18.37,9.47
"H100","pXRF",241589.55,3181.77,67854.36,28612.92,458.6,12824.72,68601.58,16780.68,1359.25,319.28,93.37,124.15,34.19,0,66.9,96.8,478.59,16.39,142.72,12.22,1035.81,0,17.41,6.62
"H101","pXRF",265244.91,3798.4,86983.08,32480.13,434.17,17644.45,65192.73,21910.28,723.25,304.58,119.04,148.89,0,24.56,85.6,139.64,235.17,22.7,132.34,15.86,102.57,0,20.55,10.63
"H102","pXRF",229665.72,3112.35,71996.55,31746.29,786.24,17985.64,106931.8,19139.07,576.78,1000.46,102.28,130.39,59.38,28.08,80.81,107.09,346.88,17.04,110.43,11.58,628.31,0,14.24,6.27
"H103","pXRF",264560.06,3592.22,72274.27,37747.83,494.7,14288.08,17653.82,24358.06,679.43,85.25,91.08,104.38,0,10.34,84.97,146.18,125.22,23.13,199.14,14.67,368.63,0,23.65,11.71
"H104","pXRF",289330.78,4332.64,104260.22,43386.16,667.14,21450.3,20094.67,27744.45,706.48,188.32,125.03,137.37,47.29,17.21,103.09,157.55,113.19,28.87,231.13,18.16,572.55,0,23.63,10.38
"H105","pXRF",177884.28,2959.79,40631.92,31845.78,1285.47,2300.09,15749.28,18992.68,1241.59,39,95.8,94.96,30.53,0,63.6,105.69,153.83,20.49,176.33,12.33,913.22,0,18.42,7.38
"H106","pXRF",258339.36,4452.59,97380.13,49706.95,734.51,20839.67,4836.94,29172.12,448.44,0,97.04,155.5,36.13,17.6,119.85,179.7,114.71,29.04,216.52,20.98,396.34,0,27.44,10.04
"H107","pXRF",282676.44,3896.45,82421.11,38008.3,496.37,14012.58,18122.88,23949.47,1315.03,147.03,123.32,116.49,0,10.49,79.42,127.85,143.39,23.19,196.96,15.38,518.6,0,25.97,7.8
"H108","pXRF",265057.97,2953.64,68641.85,31922.04,422.12,14471.88,74171.69,19640.46,1106.99,129.85,85.16,120.47,0,0,58.93,98.37,232.16,17.74,153.96,12.94,558.86,0,20.05,6.9
"H109","pXRF",295886.72,4549.87,106747.57,44286.25,525.13,20926.04,23776.82,29873.43,832.58,62.95,134.82,165.54,53.86,18.5,106.21,166.06,148.91,28.01,236.23,18.67,526.7,0,23.87,11.62
"H110","pXRF",311651.03,4586.38,113087.28,52475.97,766.99,23642.32,20986.3,29692.75,720.68,141.04,145.08,156.8,73.32,27.53,114.44,178.03,155.59,29.7,219.87,21.48,385.75,0,23.88,12.93
"H111","pXRF",258535.75,4162.09,97742.03,45311.63,914.27,20810.09,38762.04,26996.57,1089.52,182.27,114.35,148.13,71.95,24.82,114.02,178.93,119.97,31.06,219.73,19.05,609.65,0,25.47,10.97
"H112","pXRF",268101.69,4217.8,97822.52,41100.39,980.21,22238.31,98983.48,13008.4,1266.62,78.8,144.38,197.94,69.61,21.19,72.88,160.09,457.26,21.07,139.71,16.88,435.52,0,0,9.39
"H113","pXRF",232744.52,3050.01,57991.43,35411.89,775.58,10510.72,45038.05,22756.06,872.33,410.05,79.56,120.97,0,23.68,79.48,135.85,193,19.51,158.68,14.04,473.2,0,20.82,9.22
"H114","pXRF",292771.56,9323.67,115096.83,5849.24,70.17,0,3416.21,12464.23,533.77,0,86.87,116.5,0,0,30.7,105.13,107.2,30.66,299.12,33.91,261.34,0,29.71,15.35
"H124","pXRF",258220.91,10704.4,108963.3,17165.05,319.43,5161.54,7640.03,12694.87,1485.64,79.02,140.8,201.07,41.52,32.54,59.47,68.93,96.69,22.41,303.23,49.96,689.37,0,16.27,10.15
"H125","pXRF",249592.78,6527.34,117897.49,17419.69,197.46,4417.69,9333.04,18225.33,673.43,67.04,175.66,140.64,37.59,24.35,42.59,155.23,145.68,18.4,188.79,24.93,562.96,0,29.86,11.7
"H126","pXRF",220291.81,7781.02,86117.61,18025.64,113.8,3437.7,3794.1,15597.8,586.39,78.32,174.22,166.1,0,14.05,67.61,161.47,132.42,20.01,200.23,32.25,305.13,0,29.78,16.49
"H127","pXRF",313869.38,13061.91,140378.97,26959.9,442.81,7069.21,5901.4,14091.02,854.06,211.73,146.36,145.38,34.18,0,56.09,105.03,234.99,29.32,319.22,59.2,470.23,0,21.92,14.1
"H128","pXRF",259540.94,4134.06,96853.98,25776.21,118.86,8323.95,5638.62,17282.65,714.47,112.35,97.06,113.57,29.83,18.41,87.54,127.63,131.16,20.05,114.15,14.85,304.86,0,24.35,11.28
"H130","pXRF",283433.5,3922.66,96276.95,33791.26,768.37,22579.59,70424.44,24133.42,1780,461.51,118.25,136.59,70.18,18.27,101.27,127.41,266.16,20.1,154.96,13.28,654.52,0,17.14,8.24
"H131","pXRF",227399.86,2689.67,57326.8,38066.2,681.99,7830.26,34327.75,18307.51,2000.2,130.44,120.54,140.6,46.98,0,92.66,113.22,204.09,16.75,176.59,15.06,735.32,0,18.77,6.04
"H132","pXRF",295961.22,4241.97,104198.35,40799.18,358.51,12415.65,35022.51,23616.77,1324.33,0,130.58,143.35,38.51,30.05,78.22,164.26,200.51,23.42,185.78,16.66,899.27,0,25.14,9.74
"H133","pXRF",291318.66,3898.27,83258.12,30991.16,911.36,10746.38,25883.35,25114.86,1703.09,690.64,109.02,96.96,28.36,20.59,84.09,172.97,115.29,31.57,199.68,16.79,603.59,0,24.98,10.15
"H134","pXRF",261171.86,3693.81,93735.14,35740.51,928.21,27393.65,115649.08,21200.54,1023.31,480.33,117.73,162.88,97.09,20.71,94.4,109.48,417.21,18.2,122.75,14.22,492.16,0,16.05,8.31
"H135","pXRF",259222.66,3491.36,85974.23,32127.25,749.52,21457.39,88482.7,23554.58,953.16,763.79,126.9,137.03,64.05,26.57,86.12,117.94,331.64,16.95,114.78,11.86,758.68,0,14.21,5.93
"H136","pXRF",251101.23,3444.61,88612.07,29484.98,600.57,22739.01,101102.06,19328.27,1488.51,825.5,113.58,158.26,83.2,19.4,86.45,113.28,329.75,16.49,113.09,11.73,553.99,0,17.37,6.85
"H137","pXRF",266180.84,3930.71,100162.17,32790.6,689.57,25549.14,91997.99,26678,1279.02,249.47,129.78,185.95,64.84,24.36,99.03,139.22,358.37,21.22,120.91,14.11,628.07,0,16.85,10.2
"H138","pXRF",180706.33,2797.98,54726.91,27454.5,634.66,19887.47,141944.19,18020.03,824.79,262.83,77.29,108.59,0,0,52.57,78.37,320.46,15.49,128.76,10.43,315.91,0,17.85,5.57
"H139","pXRF",292160.78,6090.04,117360.81,21836.02,75.29,2755.58,3946.97,9085.89,419.37,42.31,118.23,44.74,0,15.79,35.79,59.27,71.64,15.88,363.83,18.59,323.85,0,17.26,8.04
"H140","pXRF",252860.8,6003.92,92920.28,39436.22,125.34,3764.84,4151.17,14963.61,400.07,37.82,95.13,101.43,0,0,47.24,102.48,97.59,19.47,215.37,15.61,804.68,0,23.88,9.85
"H141","pXRF",255513.34,3867.8,74454.54,29954.05,453.86,6931.01,62123.48,21657.89,987.34,625.63,105.49,122.4,0,15.65,66.27,139.05,207.52,27.07,171.06,13.28,747.32,0,16.33,8.28
"H142","pXRF",295641.47,4161.2,98723.05,39615.23,363.77,15505.14,34521.26,25547.45,1014.85,0,124.62,137.07,79.04,22.08,92.6,158.01,184.31,27.85,172.76,16.96,419.48,0,19.71,7.51
"H143","pXRF",295159.31,4356.53,95194.23,39804.89,1227.78,13573.63,12326.82,24086.17,1039.59,118.12,144.45,136.9,36.68,14.18,85.63,159.48,135.31,31.31,198.32,16.49,604.67,0,21.27,12.06
"H144","pXRF",259769.66,4523.9,85370.91,37482.72,437.41,11030.07,81954.94,15866.08,1794.09,729.61,142.05,153.54,0,17.45,84.23,87.92,364.63,16.51,145.14,16.5,877.96,0,17.1,4.92
